{"ref0": [[[1.0, -9.61758872025505e-18, 2.65867438107079e-17, 5.684341886080802e-14], [-7.663897564974527e-18, 0.9999999999999999, -1.7931439039502155e-17, 5.684341886080802e-14], [1.4882340771856545e-18, 9.091217019986317e-17, 1.0, 0.0], [0.0, 0.0, 0.0, 1.0]], [[-0.37340331470174987, 0.22477091779504552, 0.9009979370520029, -1004.4551680369577], [0.3421971473933266, 0.9409933411647331, -0.09551484256997064, 104.60049776091594], [-0.8605743106961019, 0.2692129657786223, -0.4260119231343398, 854.0802451611894], [0.0, 0.0, 0.0, 1.0]], [[0.7859613482919344, 0.1454450588088507, 0.6046285962451439, -561.6556626605253], [0.22330939255481777, 0.8449810123259983, -0.49549085455094166, 427.4381370678031], [-0.5786889065783627, 0.5201946880916659, 0.6277692121329792, -123.6965545981151], [0.0, 0.0, 0.0, 1.0]]], "ref1": [[[-0.3736823555413128, 0.33698240019377174, -0.8658768272138084, 328.93259284153004], [0.22707941564677817, 0.9307680586570461, 0.2715790666179374, -101.21802543196468], [0.8983648994540476, -0.09254099498047864, -0.4265984833664736, 1276.396437436898], [0.0, 0.0, 0.0, 1.0]], [[1.0, 1.930545545039215e-17, 2.2660564497661268e-17, 0.0], [5.349467872023844e-17, 1.0, -3.308433597361324e-17, -1.4210854715202004e-14], [-6.619295676621296e-18, 1.5086944324585198e-17, 1.0, 0.0], [0.0, 0.0, 0.0, 1.0]], [[0.2825047990416795, 0.3442778247455472, -0.8989795274143869, 453.8967660646719], [-0.3367005770418301, 0.9075858882175425, 0.24749637339835576, -217.07819655979995], [0.8983371646684334, 0.23107823574560443, 0.37454190842334945, 434.58310964270186], [0.0, 0.0, 0.0, 1.0]]], "ref2": [[[0.7829577937699482, 0.22173271524439814, -0.5790856451414582, 273.34476064280693], [0.14557274561378497, 0.837680493056243, 0.5209646669384613, -211.85329813933456], [0.6011171196057193, -0.4897383852639591, 0.6274383979977598, 624.565665251441], [0.0, 0.0, 0.0, 1.0]], [[0.28196676886368266, -0.3357627924248257, 0.898650907941765, -591.4090920329637], [0.34749330078983354, 0.9109053533988837, 0.23213314690025336, -60.86953893620506], [-0.8906863532466973, 0.24333136266935224, 0.37130043437463833, 295.74069130909726], [0.0, 0.0, 0.0, 1.0]], [[1.0, 0.0, 0.0, 0.0], [0.0, 1.0, 0.0, 0.0], [0.0, 0.0, 1.0, 0.0], [0.0, 0.0, 0.0, 1.0]]]}